{"cameraMode":{"drawMode":0,"name":"Shaded","section":"Shading Mode"},"sceneLighting":true,"audioPlay":false,"sceneViewState":{"m_AlwaysRefresh":false,"showFog":true,"showSkybox":true,"showFlares":true,"showImageEffects":true,"showParticleSystems":true,"showVisualEffectGraphs":true,"m_FxEnabled":true},"in2DMode":false,"pivot":{"x":-43.708465576171878,"y":2.7139029502868654,"z":32.99052429199219},"rotation":{"x":-0.004255384206771851,"y":0.9490208625793457,"z":-0.012810146436095238,"w":-0.3149324953556061},"size":2.858389139175415,"orthographic":false}