{"cameraMode":{"drawMode":0,"name":"Shaded","section":"Shading Mode"},"sceneLighting":true,"audioPlay":false,"sceneViewState":{"m_AlwaysRefresh":false,"showFog":true,"showSkybox":true,"showFlares":true,"showImageEffects":true,"showParticleSystems":true,"showVisualEffectGraphs":true,"m_FxEnabled":true},"in2DMode":false,"pivot":{"x":-40.135719299316409,"y":3.2471792697906496,"z":32.587650299072269},"rotation":{"x":-0.0073303296230733398,"y":0.9369498491287231,"z":-0.019676292315125467,"w":-0.34884050488471987},"size":2.681244134902954,"orthographic":false}