{"cameraMode":{"drawMode":0,"name":"Shaded","section":"Shading Mode"},"sceneLighting":false,"audioPlay":false,"sceneViewState":{"m_AlwaysRefresh":false,"showFog":false,"showSkybox":false,"showFlares":false,"showImageEffects":false,"showParticleSystems":false,"showVisualEffectGraphs":true,"m_FxEnabled":true},"in2DMode":false,"pivot":{"x":0.10150361061096192,"y":1.2750859260559083,"z":0.025712013244628907},"rotation":{"x":-0.08797380328178406,"y":0.8588484525680542,"z":-0.15761761367321015,"w":-0.47939181327819826},"size":1.3230212926864625,"orthographic":false}